date,open,high,low,close,volume,rank
2018-01-02,4.96,5.15,4.95,5.08,26210479,0.9969199178644764
2018-01-03,5.07,5.13,5.06,5.1,23507422,0.9948665297741273
2018-01-04,5.1,5.11,5.04,5.1,18235848,0.9917864476386037
2018-01-05,5.1,5.61,5.08,5.58,132477658,0.9548254620123203
2018-01-08,5.61,6.15,5.57,6.15,203514306,0.7145790554414785
2018-01-09,6.23,6.66,6.18,6.37,248320991,0.09958932238193019
2018-01-10,6.47,6.66,6.32,6.65,184587108,0.03798767967145791
2018-01-11,6.55,6.56,6.26,6.38,155161573,0.02772073921971253
2018-01-12,6.32,6.57,6.2,6.31,140078964,0.02361396303901437
2018-01-15,6.3,6.36,6.09,6.17,99767316,0.03285420944558522
2018-01-16,6.14,6.62,6.03,6.54,186586764,0.04106776180698152
2018-01-17,6.5,6.5,5.89,5.93,171983421,0.05544147843942505
2018-01-18,5.92,5.99,5.82,5.93,73968174,0.07905544147843943
2018-01-19,5.93,6.13,5.88,5.89,86518125,0.1016427104722793
2018-01-22,5.91,5.95,5.82,5.94,53433808,0.1724845995893224
2018-01-23,5.97,6.1,5.9,6.0,86615901,0.2402464065708419
2018-01-24,6.02,6.08,5.86,5.88,73732248,0.5318275154004107
2018-01-25,5.91,5.93,5.75,5.82,53415370,0.7351129363449692
2018-01-26,5.81,6.06,5.8,6.01,82139405,0.7094455852156057
2018-01-29,5.99,6.15,5.9,5.96,59856735,0.6262833675564682
2018-01-30,5.94,6.08,5.91,5.97,43161323,0.3726899383983573
2018-01-31,5.95,6.0,5.7,5.86,51227579,0.3049281314168378
2018-02-01,5.82,5.96,5.66,5.69,51030209,0.4455852156057495
2018-02-02,5.61,5.65,5.35,5.61,52595859,0.5544147843942505
2018-02-05,5.5,5.76,5.47,5.75,39594355,0.5420944558521561
2018-02-06,5.6,5.7,5.35,5.39,48441922,0.6694045174537988
2018-02-07,5.53,5.57,5.14,5.29,57884594,0.635523613963039
2018-02-08,5.27,5.37,5.23,5.3,28230938,0.555441478439425
2018-02-09,5.13,5.19,4.93,5.0,45340370,0.4989733059548255
2018-02-12,5.02,5.1,4.95,5.06,25427456,0.4517453798767967
2018-02-13,5.11,5.21,5.06,5.09,35544532,0.4938398357289528
2018-02-14,5.09,5.11,5.02,5.08,19411832,0.5513347022587269
2018-02-22,5.19,5.36,5.19,5.28,40428306,0.4537987679671458
2018-02-23,5.25,5.37,5.23,5.3,31928497,0.4117043121149898
2018-02-26,5.34,5.35,5.19,5.34,40219249,0.4158110882956879
2018-02-27,5.31,5.31,5.24,5.27,24853366,0.4753593429158111
2018-02-28,5.22,5.36,5.19,5.3,34969777,0.4496919917864476
2018-03-01,5.26,5.3,5.21,5.23,30772352,0.4794661190965092
2018-03-02,5.19,5.22,5.11,5.14,24779501,0.5082135523613963
2018-03-05,5.15,5.19,5.11,5.11,17339988,0.5698151950718686
2018-03-06,5.14,5.26,5.08,5.26,35286469,0.6036960985626283
2018-03-07,5.24,5.25,5.15,5.17,24984533,0.6232032854209446
2018-03-08,5.17,5.27,5.16,5.25,25666351,0.7176591375770021
2018-03-09,5.25,5.27,5.19,5.24,23512669,0.6427104722792608
2018-03-12,5.26,5.27,5.18,5.24,25645003,0.5852156057494866
2018-03-13,5.23,5.31,5.21,5.29,30358550,0.4240246406570842
2018-03-14,5.26,5.29,5.22,5.25,19167903,0.3531827515400411
2018-03-15,5.24,5.25,5.18,5.22,14922571,0.2587268993839836
2018-03-16,5.22,5.25,5.16,5.17,18113799,0.2371663244353183
2018-03-19,5.18,5.19,5.07,5.09,22368010,0.2659137577002054
2018-03-20,5.06,5.09,5.01,5.08,14462864,0.2689938398357289
2018-03-21,5.08,5.14,5.06,5.08,11685858,0.2936344969199179
2018-03-22,5.08,5.13,5.06,5.12,12277279,0.2412731006160164
2018-03-23,4.96,4.98,4.7,4.83,45104518,0.3501026694045175
2018-03-26,4.78,4.87,4.74,4.86,15715438,0.4342915811088296
2018-03-27,4.9,4.95,4.89,4.92,16029223,0.5256673511293635
2018-03-28,4.9,4.97,4.86,4.92,16692945,0.5841889117043121
2018-03-29,4.91,5.11,4.89,5.07,33105848,0.6919917864476386
2018-03-30,5.08,5.08,4.99,5.01,21315788,0.771047227926078
2018-04-02,5.03,5.12,5.02,5.08,24516130,0.7720739219712526
2018-04-03,5.02,5.07,5.0,5.03,14703664,0.7638603696098563
2018-04-04,5.05,5.07,4.96,4.98,15068862,0.7464065708418891
2018-04-09,4.97,4.99,4.9,4.94,16559189,0.7535934291581109
2018-04-10,4.94,5.05,4.94,5.04,19091491,0.7320328542094456
2018-04-11,5.05,5.18,5.03,5.12,31262389,0.7125256673511293
2018-04-12,5.09,5.14,5.07,5.08,13912767,0.7207392197125256
2018-04-13,5.1,5.14,5.04,5.05,12618498,0.6960985626283368
2018-04-16,5.04,5.07,4.86,4.92,22019333,0.6940451745379876
2018-04-17,4.93,4.95,4.86,4.88,13373240,0.6817248459958932
2018-04-18,4.93,4.93,4.85,4.9,15752253,0.6704312114989733
2018-04-19,4.89,4.91,4.87,4.89,12117713,0.7361396303901437
2018-04-20,4.87,4.89,4.78,4.8,13685869,0.728952772073922
2018-04-23,4.8,4.82,4.74,4.81,8501230,0.7453798767967146
2018-04-24,4.83,4.96,4.81,4.93,18121964,0.7166324435318275
2018-04-25,4.9,4.9,4.86,4.88,11195708,0.686858316221766
2018-04-26,4.89,4.89,4.79,4.8,11033608,0.6652977412731006
2018-04-27,4.81,4.82,4.74,4.77,15507683,0.6909650924024641
2018-05-02,4.78,4.79,4.72,4.75,11984452,0.702258726899384
2018-05-03,4.74,4.79,4.71,4.78,12150461,0.6683778234086243
2018-05-04,4.78,4.79,4.75,4.77,8681980,0.660164271047228
2018-05-07,4.79,4.91,4.78,4.88,19725881,0.6303901437371663
2018-05-08,4.9,4.92,4.86,4.9,12697978,0.7012320328542094
2018-05-09,4.92,4.95,4.89,4.92,11248973,0.6581108829568788
2018-05-10,4.93,4.94,4.86,4.9,10660884,0.6560574948665298
2018-05-11,4.91,4.92,4.86,4.87,9617806,0.6386036960985626
2018-05-14,4.89,4.91,4.87,4.89,8390540,0.6190965092402464
2018-05-15,4.91,4.91,4.84,4.89,9985358,0.6344969199178645
2018-05-16,4.88,4.88,4.84,4.86,7506804,0.6314168377823408
2018-05-17,4.87,4.87,4.83,4.83,5052398,0.5924024640657084
2018-05-18,4.84,4.88,4.83,4.87,7954094,0.5410677618069816
2018-05-21,4.88,4.93,4.87,4.9,11182329,0.3963039014373717
2018-05-22,4.9,4.91,4.83,4.86,9202310,0.3069815195071869
2018-05-23,4.85,4.86,4.79,4.81,10443653,0.3090349075975359
2018-05-24,4.81,4.81,4.76,4.77,8805578,0.297741273100616
2018-05-25,4.77,4.8,4.72,4.73,9224881,0.2731006160164271
2018-05-28,4.73,4.76,4.7,4.74,6822310,0.2258726899383983
2018-05-29,4.74,4.75,4.65,4.69,11355494,0.1642710472279261
2018-05-30,4.66,4.67,4.55,4.56,15220090,0.1468172484599589
2018-05-31,4.57,4.6,4.54,4.58,8829124,0.1745379876796715
2018-06-01,4.59,4.64,4.55,4.57,9172160,0.2299794661190965
2018-06-04,4.57,4.62,4.57,4.61,7487913,0.2669404517453799
2018-06-05,4.61,4.63,4.58,4.63,7597864,0.2761806981519507
2018-06-06,4.62,4.65,4.6,4.63,6952416,0.228952772073922
2018-06-07,4.63,4.66,4.61,4.62,8225898,0.2227926078028747
2018-06-08,4.62,4.62,4.48,4.51,11199495,0.3182751540041068
2018-06-11,4.49,4.59,4.49,4.55,8800343,0.4281314168377823
2018-06-12,4.55,4.59,4.54,4.57,5987047,0.5872689938398358
2018-06-13,4.56,4.65,4.54,4.57,10199167,0.662217659137577
2018-06-14,4.55,4.59,4.52,4.55,6147021,0.7002053388090349
2018-06-15,4.55,4.72,4.54,4.61,12757054,0.7248459958932238
2018-06-19,4.57,4.59,4.21,4.31,21581394,0.7782340862422998
2018-06-20,4.33,4.36,4.23,4.31,14169121,0.8531827515400411
2018-06-21,4.31,4.4,4.29,4.3,14780280,0.8819301848049281
2018-06-22,4.28,4.36,4.26,4.34,8279987,0.8295687885010267
2018-06-25,4.38,4.4,4.27,4.29,9477793,0.7505133470225873
2018-06-26,4.24,4.26,4.12,4.21,9861233,0.6365503080082136
2018-06-27,4.2,4.21,4.11,4.14,8298196,0.4907597535934292
2018-06-28,4.15,4.17,4.09,4.1,6451798,0.3655030800821355
2018-06-29,4.11,4.21,4.1,4.18,7700809,0.4620123203285421
2018-07-02,4.17,4.18,4.03,4.05,10443648,0.3952772073921971
2018-07-03,4.05,4.09,4.03,4.08,7244840,0.4219712525667351
2018-07-04,4.07,4.09,4.05,4.05,6122316,0.3901437371663244
2018-07-05,4.06,4.08,3.92,3.94,10972487,0.4260780287474333
2018-07-06,3.9,3.91,3.82,3.85,9438964,0.6139630390143738
2018-07-09,3.86,3.98,3.86,3.96,9296218,0.6991786447638604
2018-07-10,3.94,4.02,3.94,3.99,6933135,0.7381930184804928
2018-07-11,3.95,3.96,3.86,3.89,9279312,0.8172484599589322
2018-07-12,3.9,4.0,3.9,3.99,7513226,0.8285420944558521
2018-07-13,4.02,4.14,4.02,4.1,14039696,0.8182751540041068
2018-07-16,4.07,4.1,3.98,4.01,11968254,0.8336755646817249
2018-07-17,4.01,4.03,3.96,4.03,5833356,0.797741273100616
2018-07-18,4.01,4.05,3.99,3.99,6314800,0.768993839835729
2018-07-19,3.99,4.01,3.96,3.97,4318600,0.7700205338809035
2018-07-20,3.98,4.06,3.95,4.04,8925591,0.8049281314168378
2018-07-23,4.03,4.12,4.01,4.11,12315859,0.8696098562628337
2018-07-24,4.11,4.23,4.1,4.18,17972992,0.8809034907597536
2018-07-25,4.18,4.22,4.15,4.21,11053684,0.8706365503080082
2018-07-26,4.2,4.24,4.18,4.18,10806996,0.8655030800821355
2018-07-27,4.19,4.25,4.19,4.22,11128756,0.811088295687885
2018-07-30,4.21,4.24,4.16,4.19,8923302,0.795687885010267
2018-07-31,4.19,4.23,4.18,4.21,7264341,0.824435318275154
2018-08-01,4.19,4.21,4.08,4.08,14711135,0.8223819301848049
2018-08-02,4.07,4.1,3.91,3.98,11362547,0.784394250513347
2018-08-03,3.99,4.03,3.96,3.99,7458027,0.7063655030800822
2018-08-06,3.99,4.03,3.91,3.97,9059823,0.4527720739219713
2018-08-07,3.95,4.06,3.93,4.04,9186272,0.4394250513347023
2018-08-08,4.06,4.06,4.0,4.01,7959389,0.3973305954825462
2018-08-09,4.0,4.11,3.98,4.09,12065901,0.4917864476386037
2018-08-10,4.1,4.18,4.07,4.15,14950808,0.6673511293634496
2018-08-13,4.1,4.16,4.05,4.14,12716791,0.715605749486653
2018-08-14,4.14,4.15,4.1,4.13,5445551,0.7053388090349076
2018-08-15,4.13,4.13,4.05,4.05,5817128,0.7402464065708418
2018-08-16,4.05,4.07,3.99,4.04,5623509,0.7987679671457906
2018-08-17,4.06,4.08,4.0,4.01,5386576,0.8347022587268994
2018-08-20,4.01,4.04,3.95,3.99,8698557,0.8993839835728953
2018-08-21,3.99,4.09,3.99,4.09,9041740,0.9014373716632443
2018-08-22,4.08,4.09,4.06,4.07,6069114,0.9147843942505134
2018-08-23,4.08,4.16,4.07,4.12,12050519,0.9065708418891171
2018-08-24,4.12,4.22,4.1,4.2,19515847,0.8572895277207392
2018-08-27,4.22,4.29,4.21,4.28,19658700,0.8470225872689938
2018-08-28,4.25,4.29,4.23,4.27,10726184,0.8408624229979466
2018-08-29,4.26,4.32,4.25,4.29,10861269,0.8562628336755647
2018-08-30,4.29,4.3,4.22,4.25,11034531,0.8449691991786448
2018-08-31,4.27,4.32,4.22,4.27,12935519,0.8090349075975359
2018-09-03,4.29,4.3,4.21,4.24,7839382,0.8162217659137577
2018-09-04,4.27,4.31,4.25,4.3,11558031,0.8100616016427105
2018-09-05,4.3,4.32,4.27,4.27,7103364,0.7433264887063655
2018-09-06,4.26,4.28,4.18,4.19,9471318,0.6776180698151951
2018-09-07,4.2,4.28,4.2,4.26,11023106,0.5010266940451745
2018-09-10,4.26,4.3,4.23,4.27,11020798,0.4055441478439425
2018-09-11,4.24,4.26,4.19,4.24,9949768,0.3418891170431211
2018-09-12,4.23,4.27,4.19,4.26,7940548,0.2782340862422998
2018-09-13,4.27,4.3,4.23,4.27,5658180,0.2433264887063655
2018-09-14,4.26,4.27,4.23,4.23,5473505,0.2967145790554415
2018-09-17,4.22,4.25,4.19,4.21,5562300,0.2905544147843943
2018-09-18,4.22,4.26,4.19,4.24,5914665,0.2833675564681725
2018-09-19,4.24,4.4,4.23,4.38,17198804,0.1971252566735113
2018-09-20,4.36,4.38,4.33,4.35,10256548,0.1570841889117043
2018-09-21,4.38,4.44,4.34,4.42,12464170,0.1765913757700205
2018-09-25,4.38,4.38,4.31,4.33,9417708,0.1457905544147844
2018-09-26,4.34,4.36,4.29,4.31,9576247,0.1858316221765914
2018-09-27,4.32,4.33,4.28,4.28,6327772,0.1991786447638604
2018-09-28,4.31,4.31,4.24,4.27,9922998,0.2248459958932238
2018-10-08,4.2,4.2,4.08,4.08,13875809,0.2114989733059548
2018-10-09,4.08,4.1,4.04,4.06,7026041,0.2381930184804928
2018-10-10,4.05,4.09,4.0,4.04,9149537,0.2700205338809035
2018-10-11,3.98,3.98,3.66,3.69,19878712,0.5112936344969199
2018-10-12,3.7,3.75,3.6,3.73,13628588,0.6735112936344969
2018-10-15,3.75,3.77,3.66,3.67,10278189,0.8193018480492813
2018-10-16,3.66,3.71,3.54,3.57,9680988,0.8880903490759754
2018-10-17,3.61,3.68,3.59,3.68,9835794,0.8028747433264887
2018-10-18,3.64,3.67,3.59,3.59,6791933,0.7279260780287474
2018-10-19,3.58,3.72,3.54,3.7,12360410,0.6765913757700205
2018-10-22,3.74,3.93,3.72,3.87,16073196,0.63347022587269
2018-10-23,3.89,3.94,3.8,3.83,11070359,0.6201232032854209
2018-10-24,3.8,3.92,3.8,3.86,8867012,0.6016427104722792
2018-10-25,3.79,3.99,3.75,3.98,16037072,0.5236139630390144
2018-10-26,3.97,4.18,3.96,4.06,19617454,0.4137577002053388
2018-10-29,4.06,4.13,3.98,4.01,12612912,0.3613963039014374
2018-10-30,4.03,4.1,3.99,4.06,11521747,0.3459958932238193
2018-10-31,4.02,4.08,3.99,4.03,15122961,0.4414784394250513
2018-11-01,4.07,4.11,4.02,4.02,18069453,0.5164271047227926
2018-11-02,4.05,4.1,4.03,4.08,12532328,0.6098562628336756
2018-11-05,4.07,4.08,4.02,4.04,10367325,0.5595482546201233
2018-11-06,4.03,4.1,4.03,4.09,12175900,0.3367556468172485
2018-11-07,4.08,4.09,4.04,4.05,8925294,0.2392197125256673
2018-11-08,4.06,4.08,4.02,4.03,6111050,0.2186858316221766
2018-11-09,4.02,4.02,3.96,3.97,7404308,0.1981519507186858
2018-11-12,4.0,4.09,3.99,4.09,13369172,0.106776180698152
2018-11-13,4.05,4.16,4.05,4.14,14607863,0.09650924024640657
2018-11-14,4.15,4.19,4.12,4.14,11533566,0.08521560574948665
2018-11-15,4.14,4.17,4.12,4.16,7504084,0.08316221765913757
2018-11-16,4.17,4.31,4.14,4.27,23068507,0.07084188911704312
2018-11-19,4.27,4.36,4.25,4.32,22984407,0.08624229979466119
2018-11-20,4.3,4.31,4.14,4.14,19774991,0.1683778234086242
2018-11-21,4.09,4.2,4.08,4.17,11212229,0.2535934291581109
2018-11-22,4.18,4.2,4.14,4.16,9921728,0.2679671457905544
2018-11-23,4.16,4.17,3.99,4.0,13910309,0.2813141683778234
2018-11-26,3.99,4.03,3.92,3.93,8390644,0.3880903490759753
2018-11-27,3.95,4.05,3.93,3.98,10324415,0.3028747433264887
2018-11-28,3.98,4.03,3.96,4.02,7496410,0.3347022587268994
2018-11-29,4.06,4.07,3.93,3.94,7202860,0.3141683778234086
2018-11-30,3.94,3.98,3.9,3.96,6686158,0.3234086242299795
2018-12-03,4.02,4.05,4.0,4.03,10422476,0.2741273100616016
2018-12-04,4.03,4.07,4.01,4.06,10097811,0.2238193018480493
2018-12-05,4.02,4.06,4.0,4.03,7360113,0.2104722792607803
2018-12-06,4.01,4.02,3.93,3.96,6038677,0.2464065708418891
2018-12-07,3.96,3.98,3.92,3.95,3941492,0.3357289527720739
2018-12-10,3.93,3.94,3.86,3.89,5351490,0.4876796714579055
2018-12-11,3.91,3.94,3.9,3.92,3229896,0.5985626283367557
2018-12-12,3.92,3.99,3.92,3.97,5952953,0.6047227926078029
2018-12-13,3.96,4.05,3.94,4.02,10079524,0.6837782340862423
2018-12-14,4.01,4.02,3.95,3.96,7201188,0.6714579055441479
2018-12-17,3.94,3.98,3.92,3.93,5864368,0.7484599589322382
2018-12-18,3.93,3.95,3.87,3.89,6729898,0.7597535934291582
2018-12-19,3.9,3.93,3.86,3.87,4625235,0.7679671457905544
2018-12-20,3.87,3.9,3.84,3.87,4821546,0.7659137577002053
2018-12-21,3.87,3.88,3.79,3.82,6233902,0.7412731006160165
2018-12-24,3.8,3.85,3.8,3.85,3036423,0.6406570841889117
2018-12-25,3.82,3.82,3.7,3.78,8916712,0.6611909650924025
2018-12-26,3.77,3.79,3.74,3.75,3508986,0.6981519507186859
2018-12-27,3.8,3.82,3.74,3.75,6821149,0.7084188911704312
2018-12-28,3.74,3.78,3.74,3.76,4472301,0.7392197125256673
2019-01-02,3.76,3.78,3.71,3.73,3594231,0.688911704312115
2019-01-03,3.72,3.78,3.7,3.74,4102059,0.6642710472279261
2019-01-04,3.71,3.82,3.7,3.82,7432785,0.6283367556468172
2019-01-07,3.88,3.89,3.83,3.86,8450842,0.5954825462012321
2019-01-08,3.86,3.87,3.84,3.85,4888697,0.5605749486652978
2019-01-09,3.87,3.91,3.86,3.86,7215405,0.5677618069815195
2019-01-10,3.88,3.88,3.84,3.85,4921100,0.5903490759753593
2019-01-11,3.85,3.88,3.83,3.86,5060633,0.5770020533880903
2019-01-14,3.86,3.89,3.85,3.86,5317132,0.5174537987679672
2019-01-15,3.85,3.9,3.85,3.89,6609143,0.391170431211499
2019-01-16,3.89,3.9,3.87,3.87,4224340,0.3634496919917864
2019-01-17,3.87,3.9,3.86,3.87,4995128,0.3336755646817248
2019-01-18,3.86,3.9,3.86,3.9,5128028,0.3593429158110883
2019-01-21,3.9,3.92,3.88,3.88,6741545,0.3798767967145791
2019-01-22,3.89,3.92,3.84,3.86,6636819,0.4322381930184805
2019-01-23,3.85,3.88,3.85,3.86,4428300,0.4589322381930185
2019-01-24,3.86,3.91,3.84,3.89,5550244,0.4086242299794661
2019-01-25,3.91,3.92,3.88,3.89,5637119,0.5328542094455853
2019-01-28,3.9,3.93,3.86,3.88,5973081,0.5657084188911704
2019-01-29,3.88,3.9,3.79,3.86,7568257,0.6026694045174538
2019-01-30,3.84,3.92,3.81,3.88,11545121,0.553388090349076
2019-01-31,3.88,3.95,3.87,3.91,9563922,0.5123203285420944
2019-02-01,3.93,3.97,3.9,3.96,8720292,0.4681724845995893
2019-02-11,3.97,4.01,3.94,4.0,10047608,0.4722792607802875
2019-02-12,3.99,4.07,3.99,4.04,10390537,0.446611909650924
2019-02-13,4.04,4.11,4.03,4.1,11846356,0.404517453798768
2019-02-14,4.1,4.12,4.06,4.08,8232153,0.4209445585215606
2019-02-15,4.1,4.12,4.04,4.05,7070314,0.3162217659137577
2019-02-18,4.08,4.14,4.07,4.14,10933710,0.2084188911704312
2019-02-19,4.14,4.18,4.08,4.1,10857785,0.1899383983572895
2019-02-20,4.11,4.15,4.08,4.11,8940302,0.2926078028747433
2019-02-21,4.1,4.14,4.07,4.08,12046080,0.4014373716632443
2019-02-22,4.08,4.14,4.08,4.13,10127465,0.4476386036960985
2019-02-25,4.14,4.37,4.14,4.35,37727970,0.6457905544147844
2019-02-26,4.36,4.42,4.3,4.33,28402723,0.7227926078028748
2019-02-27,4.32,4.46,4.32,4.38,22201075,0.7135523613963038
2019-02-28,4.38,4.43,4.36,4.39,13944247,0.6529774127310062
2019-03-01,4.4,4.42,4.32,4.4,16445447,0.7474332648870636
2019-03-04,4.4,4.54,4.4,4.46,32847539,0.839835728952772
2019-03-05,4.44,4.54,4.43,4.53,23030376,0.8459958932238193
2019-03-06,4.53,4.6,4.48,4.58,26648604,0.8542094455852156
2019-03-07,4.58,4.63,4.52,4.58,28658956,0.8747433264887063
2019-03-08,4.53,4.56,4.32,4.33,31894286,0.9137577002053389
2019-03-11,4.33,4.58,4.33,4.55,31745281,0.9609856262833676
2019-03-12,4.59,4.61,4.5,4.55,25023708,0.9804928131416838
2019-03-13,4.55,4.64,4.51,4.54,29026826,0.9907597535934292
2019-03-14,4.54,4.66,4.4,4.42,28776973,0.9938398357289527
2019-03-15,4.45,4.77,4.44,4.62,45239003,0.9835728952772074
2019-03-18,4.63,4.84,4.54,4.79,44047362,0.9784394250513347
2019-03-19,4.77,4.86,4.67,4.71,29491625,0.9794661190965093
2019-03-20,4.73,4.84,4.68,4.82,34118863,0.9743326488706365
2019-03-21,4.86,4.96,4.82,4.9,34679308,0.9856262833675564
2019-03-22,5.0,5.05,4.86,4.97,42259253,0.9887063655030801
2019-03-25,4.96,5.47,4.91,5.3,93794053,0.9322381930184805
2019-03-26,5.31,5.37,5.15,5.21,50068983,0.7854209445585215
2019-03-27,5.23,5.26,5.12,5.24,27701640,0.6396303901437371
2019-03-28,5.21,5.27,5.03,5.06,26856415,0.6519507186858317
2019-03-29,5.08,5.27,5.07,5.23,31085407,0.7238193018480493
2019-04-01,5.32,5.48,5.23,5.4,36403664,0.7648870636550308
2019-04-02,5.43,5.52,5.4,5.44,29007087,0.7895277207392197
2019-04-03,5.43,5.56,5.41,5.54,30908233,0.813141683778234
2019-04-04,5.54,5.82,5.54,5.79,43600827,0.5944558521560575
2019-04-08,5.8,5.95,5.67,5.79,38111297,0.3860369609856263
2019-04-09,5.79,5.81,5.67,5.75,26820628,0.417864476386037
2019-04-10,5.7,5.75,5.58,5.67,24062070,0.459958932238193
2019-04-11,5.71,5.73,5.55,5.6,19407105,0.3583162217659138
2019-04-12,5.63,5.65,5.49,5.56,24044629,0.4106776180698152
2019-04-15,5.65,5.75,5.45,5.49,26945423,0.406570841889117
2019-04-16,5.49,5.59,5.37,5.57,24714312,0.4568788501026694
2019-04-17,5.57,5.62,5.49,5.5,23009047,0.5102669404517454
2019-04-18,5.53,5.53,5.43,5.47,13262743,0.3624229979466119
2019-04-19,5.45,5.49,5.37,5.45,13720840,0.3429158110882957
2019-04-22,5.45,5.45,5.18,5.23,26187697,0.3203285420944558
2019-04-23,5.25,5.31,5.2,5.21,16846908,0.2997946611909651
2019-04-24,5.25,5.28,5.2,5.24,14709818,0.2135523613963039
2019-04-25,5.23,5.27,5.02,5.04,20677442,0.2607802874743326
2019-04-26,5.05,5.15,5.04,5.08,14609347,0.175564681724846
2019-04-29,5.12,5.15,4.98,5.01,17574708,0.1581108829568789
2019-04-30,5.01,5.11,5.0,5.07,13994985,0.1560574948665298
2019-05-06,5.01,5.01,4.7,4.75,24325504,0.1324435318275154
2019-05-07,4.82,4.82,4.67,4.74,14995766,0.1817248459958932
2019-05-08,4.67,4.76,4.65,4.68,11509535,0.271047227926078
2019-05-09,4.7,4.72,4.6,4.6,10044030,0.4887063655030801
2019-05-10,4.63,4.77,4.61,4.74,10975588,0.5965092402464066
2019-05-13,4.72,4.73,4.61,4.63,9602980,0.7340862422997947
2019-05-14,4.58,4.72,4.56,4.65,10518847,0.7268993839835729
2019-05-15,4.66,4.73,4.66,4.7,11971957,0.7587268993839835
2019-05-16,4.71,4.74,4.69,4.72,8667555,0.7915811088295688
2019-05-17,4.72,4.75,4.61,4.62,11317574,0.7330595482546202
2019-05-20,4.61,4.65,4.52,4.57,6736892,0.648870636550308
2019-05-21,4.55,4.66,4.55,4.63,10020347,0.580082135523614
2019-05-22,4.64,4.67,4.59,4.65,7851980,0.471252566735113
2019-05-23,4.63,4.68,4.58,4.67,10711175,0.3080082135523614
2019-05-24,4.65,4.69,4.62,4.63,5165714,0.2720739219712526
2019-05-27,4.64,4.74,4.57,4.68,10914842,0.2648870636550308
2019-05-28,4.7,4.74,4.65,4.69,8005793,0.2823408624229979
2019-05-29,4.66,4.7,4.64,4.65,7187038,0.3059548254620123
2019-05-30,4.66,4.68,4.57,4.62,5945954,0.2987679671457906
2019-05-31,4.61,4.65,4.55,4.56,7747452,0.3870636550308008
2019-06-03,4.55,4.61,4.46,4.47,10816003,0.5051334702258727
2019-06-04,4.53,4.53,4.39,4.41,9050679,0.6375770020533881
2019-06-05,4.44,4.53,4.43,4.48,9464076,0.7258726899383984
2019-06-06,4.47,4.51,4.46,4.47,6627058,0.7618069815195072
2019-06-10,4.47,4.6,4.47,4.55,7275652,0.8059548254620124
2019-06-11,4.58,4.69,4.55,4.67,9960901,0.8039014373716632
2019-06-12,4.68,4.69,4.61,4.62,5570410,0.7967145790554415
2019-06-13,4.62,4.64,4.57,4.62,6109291,0.7761806981519507
2019-06-14,4.63,4.66,4.56,4.59,9678319,0.742299794661191
2019-06-17,4.6,4.62,4.56,4.61,6404898,0.6478439425051334
2019-06-18,4.6,4.61,4.54,4.56,6781934,0.6057494866529775
2019-06-19,4.62,4.67,4.61,4.63,9924736,0.4353182751540041
2019-06-20,4.63,4.75,4.59,4.71,13602148,0.3737166324435318
2019-06-21,4.72,4.8,4.71,4.77,12207073,0.2279260780287474
2019-06-24,4.78,4.81,4.73,4.76,7668358,0.1232032854209446
2019-06-25,4.76,4.76,4.65,4.7,7875949,0.1006160164271047
2019-06-26,4.71,4.71,4.64,4.66,5293404,0.07392197125256673
2019-06-27,4.68,4.71,4.65,4.68,7020825,0.04722792607802875
2019-06-28,4.66,4.67,4.6,4.61,5997374,0.03696098562628337
2019-07-01,4.69,4.72,4.65,4.7,11002127,0.03593429158110883
2019-07-02,4.7,4.75,4.66,4.73,12072692,0.03388090349075976
2019-07-03,4.71,4.73,4.66,4.7,8561865,0.03182751540041068
2019-07-04,4.75,4.85,4.71,4.81,19695623,0.02874743326488706
2019-07-05,4.79,4.82,4.57,4.67,45520630,0.02566735112936345
2019-07-08,4.64,4.66,4.54,4.56,16171867,0.02464065708418891
2019-07-09,4.57,4.6,4.55,4.57,6986536,0.0297741273100616
2019-07-10,4.55,4.56,4.4,4.45,20808672,0.03490759753593429
2019-07-11,4.2,4.22,4.11,4.12,13187537,0.04414784394250514
2019-07-12,4.13,4.17,4.13,4.14,6329016,0.05441478439425051
2019-07-15,4.16,4.17,4.05,4.16,9687611,0.0595482546201232
2019-07-16,4.16,4.2,4.14,4.2,5574105,0.06160164271047228
2019-07-17,4.2,4.21,4.14,4.15,7151801,0.08726899383983573
2019-07-18,4.14,4.14,4.09,4.11,6119656,0.1078028747433265
2019-07-19,4.12,4.18,4.11,4.16,6992310,0.1478439425051335
2019-07-22,4.15,4.18,4.1,4.11,6275906,0.2443531827515401
2019-07-23,4.11,4.15,4.09,4.12,5416295,0.2176591375770021
2019-07-24,4.13,4.17,4.1,4.12,10046286,0.1950718685831622
2019-07-25,4.12,4.12,4.08,4.1,6400882,0.2166324435318275
2019-07-26,4.1,4.1,4.05,4.06,8536268,0.3326488706365503
2019-07-29,4.05,4.08,3.95,3.98,19044175,0.4825462012320328
2019-07-30,3.96,4.02,3.95,3.99,11457447,0.5739219712525667
2019-07-31,3.98,3.98,3.93,3.94,12698417,0.5616016427104723
2019-08-01,3.93,3.94,3.83,3.86,23079601,0.5503080082135524
2019-08-02,3.81,3.81,3.76,3.79,12014113,0.5564681724845996
2019-08-05,3.79,3.79,3.73,3.73,7562531,0.486652977412731
2019-08-06,3.69,3.69,3.58,3.65,13397175,0.5687885010266941
2019-08-07,3.67,3.7,3.65,3.67,8076287,0.6827515400410678
2019-08-08,3.69,3.72,3.68,3.7,5787918,0.7494866529774127
2019-08-09,3.73,3.76,3.7,3.71,8058441,0.7997946611909651
2019-08-12,3.72,3.75,3.69,3.75,5209987,0.891170431211499
2019-08-13,3.73,3.74,3.68,3.7,4657096,0.9291581108829569
2019-08-14,3.74,3.75,3.68,3.69,5434708,0.9558521560574949
2019-08-15,3.62,3.71,3.61,3.7,6714111,0.971252566735113
2019-08-16,3.7,3.74,3.68,3.7,6544042,0.9753593429158111
2019-08-19,3.75,3.81,3.73,3.81,8843741,0.9866529774127311
2019-08-20,3.81,3.88,3.79,3.86,8614711,0.9897330595482546
2019-08-21,3.86,3.9,3.85,3.9,5950099,0.9876796714579056
2019-08-22,3.91,3.91,3.85,3.9,6671248,0.9845995893223819
2019-08-23,3.95,3.99,3.92,3.98,11473518,0.9774127310061602
2019-08-26,3.93,4.0,3.89,3.99,11876458,0.9671457905544147
2019-08-27,4.01,4.11,4.0,4.08,14429729,0.9496919917864476
2019-08-28,4.08,4.15,4.06,4.13,12234560,0.9240246406570842
2019-08-29,4.11,4.15,4.04,4.07,14802541,0.8685831622176592
2019-08-30,4.08,4.11,4.0,4.01,15792638,0.8829568788501027
2019-09-02,4.01,4.16,4.01,4.13,13134879,0.8213552361396304
2019-09-03,4.14,4.15,4.1,4.12,7580228,0.87782340862423
2019-09-04,4.13,4.22,4.13,4.22,12242730,0.9127310061601642
2019-09-05,4.22,4.28,4.21,4.22,16949670,0.9229979466119097
2019-09-06,4.23,4.26,4.21,4.25,9345273,0.9301848049281314
2019-09-09,4.28,4.33,4.27,4.33,12606852,0.9353182751540041
2019-09-10,4.32,4.32,4.25,4.27,9581245,0.9507186858316222
2019-09-11,4.28,4.3,4.23,4.25,6443517,0.9486652977412731
2019-09-12,4.26,4.31,4.25,4.3,10012024,0.9537987679671458
2019-09-16,4.31,4.38,4.29,4.35,15865091,0.9373716632443532
2019-09-17,4.35,4.36,4.27,4.27,9539514,0.917864476386037
2019-09-18,4.28,4.45,4.28,4.41,24284085,0.9004106776180698
2019-09-19,4.43,4.46,4.37,4.44,16578693,0.851129363449692
2019-09-20,4.44,4.45,4.4,4.44,13738636,0.7772073921971252
2019-09-23,4.44,4.44,4.37,4.41,12293068,0.5862422997946611
2019-09-24,4.43,4.46,4.4,4.43,11213601,0.4024640657084189
2019-09-25,4.43,4.45,4.4,4.44,8451500,0.2073921971252567
2019-09-26,4.44,4.44,4.27,4.33,17615905,0.1519507186858316
2019-09-27,4.31,4.38,4.31,4.35,11278656,0.09753593429158111
2019-09-30,4.33,4.35,4.19,4.22,12380616,0.1498973305954825
2019-10-08,4.26,4.34,4.26,4.29,18314775,0.1919917864476386
2019-10-09,4.28,4.6,4.28,4.5,24976626,0.1375770020533881
2019-10-10,4.5,4.54,4.46,4.5,13881374,0.148870636550308
2019-10-11,4.52,4.53,4.45,4.48,10975665,0.2063655030800821
2019-10-14,4.51,4.56,4.44,4.45,13996653,0.2772073921971253
2019-10-15,4.46,4.49,4.4,4.43,10360986,0.2854209445585216
2019-10-16,4.42,4.53,4.39,4.4,14632540,0.188911704312115
2019-10-17,4.4,4.42,4.34,4.35,13252794,0.1437371663244353
2019-10-18,4.34,4.37,4.23,4.23,16533151,0.1201232032854209
2019-10-21,4.26,4.38,4.24,4.38,13236924,0.08213552361396304
2019-10-22,4.36,4.38,4.34,4.35,8743418,0.06776180698151951
2019-10-23,4.36,4.37,4.27,4.28,7860668,0.06057494866529774
2019-10-24,4.29,4.36,4.28,4.36,7661319,0.0513347022587269
2019-10-25,4.37,4.43,4.32,4.42,9517041,0.04620123203285421
2019-10-28,4.42,4.45,4.34,4.36,11709341,0.04517453798767967
2019-10-29,4.33,4.34,4.27,4.28,8059034,0.0431211498973306
2019-10-30,4.27,4.27,4.06,4.09,22039267,0.04928131416837783
2019-10-31,4.09,4.09,4.01,4.03,10896022,0.05236139630390144
2019-11-01,4.02,4.05,3.97,4.04,9429974,0.05852156057494867
2019-11-04,4.04,4.06,4.01,4.03,8916103,0.06673511293634497
2019-11-05,4.03,4.05,4.0,4.03,10955740,0.08008213552361396
2019-11-06,4.03,4.03,3.93,3.97,11244624,0.1047227926078029
2019-11-07,3.98,4.01,3.94,3.95,10692777,0.1416837782340862
2019-11-08,3.97,3.99,3.93,3.93,9239608,0.1848049281314168
2019-11-11,3.93,3.93,3.83,3.84,11223536,0.2217659137577002
2019-11-12,3.85,3.86,3.8,3.84,9407024,0.2268993839835729
2019-11-13,3.85,3.86,3.77,3.79,10238289,0.2751540041067762
2019-11-14,3.81,3.81,3.76,3.77,6701816,0.4004106776180698
2019-11-15,3.79,3.8,3.73,3.75,7475328,0.5523613963039015
2019-11-18,3.73,3.78,3.72,3.77,11408728,0.5975359342915811
2019-11-19,3.77,3.85,3.76,3.83,9198509,0.6324435318275154
2019-11-20,3.83,3.86,3.81,3.82,6305867,0.6848049281314168
2019-11-21,3.82,3.84,3.78,3.81,6369138,0.6745379876796714
2019-11-22,3.81,3.88,3.79,3.81,8129732,0.6540041067761807
2019-11-25,3.81,3.95,3.81,3.93,13424493,0.6550308008213552
2019-11-26,3.94,3.95,3.88,3.89,9093481,0.8521560574948666
2019-11-27,3.9,3.92,3.86,3.88,6557260,0.9075975359342916
2019-11-28,3.89,3.91,3.87,3.88,5121949,0.8952772073921971
2019-11-29,3.88,3.9,3.86,3.89,4577717,0.8767967145790554
2019-12-02,3.89,3.92,3.88,3.92,6961348,0.8203285420944558
2019-12-03,3.91,3.96,3.89,3.96,8695219,0.7792607802874744
2019-12-04,3.94,3.99,3.94,3.96,8423632,0.6878850102669405
2019-12-05,3.97,3.98,3.92,3.93,6278116,0.6119096509240246
2019-12-06,3.93,3.95,3.92,3.93,5308489,0.5574948665297741
2019-12-09,3.94,3.99,3.93,3.99,8824901,0.3100616016427105
2019-12-10,3.99,4.17,3.99,4.15,30348145,0.1550308008213552
2019-12-11,4.14,4.16,4.1,4.14,15443867,0.2043121149897331
2019-12-12,4.13,4.13,4.07,4.08,12662228,0.5
2019-12-13,4.09,4.13,4.07,4.12,12522378,0.704312114989733
2019-12-16,4.14,4.15,4.1,4.14,9158222,0.864476386036961
2019-12-17,4.15,4.29,4.13,4.25,19671255,0.8675564681724846
2019-12-18,4.26,4.27,4.2,4.21,12087398,0.8583162217659137
2019-12-19,4.21,4.24,4.19,4.22,8535046,0.8788501026694046
2019-12-20,4.22,4.26,4.21,4.24,9882054,0.8921971252566735
2019-12-23,4.21,4.21,4.01,4.02,27075255,0.9281314168377823
2019-12-24,4.02,4.13,4.02,4.11,14822796,0.9209445585215605
2019-12-25,4.13,4.25,4.07,4.25,29844318,0.8480492813141683
2019-12-26,4.31,4.54,4.3,4.5,42915637,0.6632443531827515
2019-12-27,4.52,4.55,4.46,4.49,31921018,0.37782340862423
2019-12-30,4.51,4.59,4.49,4.57,23034293,0.2351129363449692
2019-12-31,4.57,4.57,4.49,4.5,13182940,0.2361396303901437
